USD/Ton,,,,,,,,,
,,,,,,,,,
Fecha,3 Month Seller,Cash Seller,,,,,,Cash Seller,
02-ene-14,"1,803","1,756",,,ene-14,,ene-14,"1,726",
03-ene-14,"1,787","1,739",,,ene-14,,feb-14,"1,694",
06-ene-14,"1,762","1,718",,,ene-14,,mar-14,"1,704",
07-ene-14,"1,781","1,733",,,ene-14,,abr-14,"1,810",
08-ene-14,"1,783","1,737",,,ene-14,,may-14,"1,749",
09-ene-14,"1,758","1,713",,,ene-14,,jun-14,"1,834",
10-ene-14,"1,761","1,716",,,ene-14,,jul-14,"1,945",
13-ene-14,"1,763","1,716",,,ene-14,,ago-14,"2,030",
14-ene-14,"1,771","1,725",,,ene-14,,sep-14,"1,992",
15-ene-14,"1,760","1,715",,,ene-14,,oct-14,"1,938",
16-ene-14,"1,796","1,752",,,ene-14,,nov-14,"2,054",
17-ene-14,"1,807","1,766",,,ene-14,,dic-14,"1,913",
20-ene-14,"1,813","1,768",,,ene-14,,ene-15,"1,808",
21-ene-14,"1,786","1,743",,,ene-14,,feb-15,"1,821",
22-ene-14,"1,789","1,747",,,ene-14,,mar-15,"1,773",
23-ene-14,"1,774","1,732",,,ene-14,,abr-15,"1,817",
24-ene-14,"1,770","1,727",,,ene-14,,may-15,"1,805",
27-ene-14,"1,756","1,711",,,ene-14,,jun-15,"1,683",
28-ene-14,"1,757","1,713",,,ene-14,,jul-15,"1,638",
29-ene-14,"1,754","1,710",,,ene-14,,ago-15,"1,540",
30-ene-14,"1,730","1,686",,,ene-14,,sep-15,"1,589",
31-ene-14,"1,709","1,664",,,ene-14,,oct-15,"1,524",
03-feb-14,"1,702","1,659",,,feb-14,,nov-15,"1,466",
04-feb-14,"1,687","1,642",,,feb-14,,dic-15,"1,494",
05-feb-14,"1,708","1,663",,,feb-14,,ene-16,"1,479",
06-feb-14,"1,697","1,655",,,feb-14,,feb-16,"1,536",
07-feb-14,"1,719","1,678",,,feb-14,,mar-16,"1,535",
10-feb-14,"1,715","1,672",,,feb-14,,abr-16,"1,564",
11-feb-14,"1,714","1,671",,,feb-14,,may-16,"1,556",
12-feb-14,"1,729","1,686",,,feb-14,,jun-16,"1,592",
13-feb-14,"1,731","1,687",,,feb-14,,jul-16,"1,630",
14-feb-14,"1,751","1,711",,,feb-14,,ago-16,"1,642",
17-feb-14,"1,746","1,701",,,feb-14,,sep-16,"1,590",
18-feb-14,"1,737","1,694",,,feb-14,,oct-16,"1,664",
19-feb-14,"1,771","1,727",,,feb-14,,nov-16,"1,735",
20-feb-14,"1,761","1,718",,,feb-14,,dic-16,"1,731",
21-feb-14,"1,778","1,734",,,feb-14,,ene-17,"1,791",
24-feb-14,"1,742","1,700",,,feb-14,,feb-17,"1,857",
25-feb-14,"1,755","1,709",,,feb-14,,mar-17,"1,902",
26-feb-14,"1,780","1,735",,,feb-14,,abr-17,"1,931",
27-feb-14,"1,760","1,716",,,feb-14,,may-17,"1,912",
28-feb-14,"1,766","1,724",,,feb-14,,jun-17,"1,887",
03-mar-14,"1,723","1,675",,,mar-14,,jul-17,"1,904",
04-mar-14,"1,733","1,687",,,mar-14,,ago-17,"2,030",
05-mar-14,"1,786","1,742",,,mar-14,,sep-17,"2,100",
06-mar-14,"1,775","1,732",,,mar-14,,oct-17,"2,130",
07-mar-14,"1,771","1,730",,,mar-14,,nov-17,"2,101",
10-mar-14,"1,757","1,715",,,mar-14,,dic-17,"2,078",
11-mar-14,"1,789","1,746",,,mar-14,,ene-18,"2,221",
12-mar-14,"1,759","1,717",,,mar-14,,feb-18,"2,174",
13-mar-14,"1,746","1,703",,,mar-14,,mar-18,"2,095",
14-mar-14,"1,739","1,698",,,mar-14,,abr-18,"2,246",
17-mar-14,"1,728","1,684",,,mar-14,,may-18,"2,288",
18-mar-14,"1,733","1,691",,,mar-14,,jun-18,"2,237",
19-mar-14,"1,716","1,672",,,mar-14,,jul-18,"2,076",
20-mar-14,"1,715","1,674",,,mar-14,,ago-18,"2,071",
21-mar-14,"1,719","1,677",,,mar-14,,sep-18,"2,055",
24-mar-14,"1,732","1,689",,,mar-14,,oct-18,"2,045",
25-mar-14,"1,760","1,717",,,mar-14,,nov-18,"1,950",
26-mar-14,"1,750","1,706",,,mar-14,,dic-18,"1,929",
27-mar-14,"1,726","1,683",,,mar-14,,ene-19,"1,862",
28-mar-14,"1,752","1,710",,,mar-14,,feb-19,"1,885",
31-mar-14,"1,774","1,731",,,mar-14,,mar-19,"1,895",
01-abr-14,"1,785","1,744",,,abr-14,,abr-19,"1,868",
02-abr-14,"1,817","1,777",,,abr-14,,may-19,"1,806",
03-abr-14,"1,823","1,783",,,abr-14,,jun-19,"1,782",
04-abr-14,"1,845","1,810",,,abr-14,,jul-19,"1,816",
07-abr-14,"1,831","1,794",,,abr-14,,,,
08-abr-14,"1,816","1,785",,,abr-14,,,,
09-abr-14,"1,823","1,792",,,abr-14,,,,
10-abr-14,"1,883","1,854",,,abr-14,,,,
11-abr-14,"1,873","1,841",,,abr-14,,,,
14-abr-14,"1,872","1,834",,,abr-14,,,,
15-abr-14,"1,858","1,817",,,abr-14,,,,
16-abr-14,"1,868","1,833",,,abr-14,,,,
17-abr-14,"1,875","1,837",,,abr-14,,,,
22-abr-14,"1,886","1,847",,,abr-14,,,,
23-abr-14,"1,874","1,836",,,abr-14,,,,
24-abr-14,"1,878","1,841",,,abr-14,,,,
25-abr-14,"1,863","1,824",,,abr-14,,,,
28-abr-14,"1,841","1,801",,,abr-14,,,,
29-abr-14,"1,822","1,780",,,abr-14,,,,
30-abr-14,"1,812","1,770",,,abr-14,,,,
01-may-14,"1,781","1,737",,,may-14,,,,
02-may-14,"1,778","1,737",,,may-14,,,,
06-may-14,"1,792","1,750",,,may-14,,,,
07-may-14,"1,774","1,729",,,may-14,,,,
08-may-14,"1,761","1,718",,,may-14,,,,
09-may-14,"1,762","1,718",,,may-14,,,,
12-may-14,"1,784","1,740",,,may-14,,,,
13-may-14,"1,783","1,739",,,may-14,,,,
14-may-14,"1,804","1,758",,,may-14,,,,
15-may-14,"1,797","1,753",,,may-14,,,,
16-may-14,"1,776","1,732",,,may-14,,,,
19-may-14,"1,767","1,725",,,may-14,,,,
20-may-14,"1,765","1,722",,,may-14,,,,
21-may-14,"1,756","1,715",,,may-14,,,,
22-may-14,"1,786","1,746",,,may-14,,,,
23-may-14,"1,819","1,782",,,may-14,,,,
27-may-14,"1,819","1,778",,,may-14,,,,
28-may-14,"1,842","1,802",,,may-14,,,,
29-may-14,"1,821","1,785",,,may-14,,,,
30-may-14,"1,857","1,824",,,may-14,,,,
02-jun-14,"1,850","1,817",,,jun-14,,,,
03-jun-14,"1,832","1,803",,,jun-14,,,,
04-jun-14,"1,822","1,797",,,jun-14,,,,
05-jun-14,"1,847","1,829",,,jun-14,,,,
06-jun-14,"1,838","1,817",,,jun-14,,,,
09-jun-14,"1,897","1,871",,,jun-14,,,,
10-jun-14,"1,893","1,865",,,jun-14,,,,
11-jun-14,"1,872","1,836",,,jun-14,,,,
12-jun-14,"1,862","1,822",,,jun-14,,,,
13-jun-14,"1,843","1,801",,,jun-14,,,,
16-jun-14,"1,844","1,802",,,jun-14,,,,
17-jun-14,"1,852","1,809",,,jun-14,,,,
18-jun-14,"1,870","1,829",,,jun-14,,,,
19-jun-14,"1,886","1,844",,,jun-14,,,,
20-jun-14,"1,886","1,845",,,jun-14,,,,
23-jun-14,"1,897","1,857",,,jun-14,,,,
24-jun-14,"1,896","1,859",,,jun-14,,,,
25-jun-14,"1,902","1,867",,,jun-14,,,,
26-jun-14,"1,892","1,857",,,jun-14,,,,
27-jun-14,"1,886","1,850",,,jun-14,,,,
30-jun-14,"1,884","1,851",,,jun-14,,,,
01-jul-14,"1,871","1,838",,,jul-14,,,,
02-jul-14,"1,889","1,862",,,jul-14,,,,
03-jul-14,"1,919","1,890",,,jul-14,,,,
04-jul-14,"1,926","1,893",,,jul-14,,,,
07-jul-14,"1,927","1,894",,,jul-14,,,,
08-jul-14,"1,943","1,911",,,jul-14,,,,
09-jul-14,"1,951","1,924",,,jul-14,,,,
10-jul-14,"1,911","1,886",,,jul-14,,,,
11-jul-14,"1,932","1,907",,,jul-14,,,,
14-jul-14,"1,943","1,923",,,jul-14,,,,
15-jul-14,"1,946","1,928",,,jul-14,,,,
16-jul-14,"1,982","1,963",,,jul-14,,,,
17-jul-14,"1,984","1,968",,,jul-14,,,,
18-jul-14,"1,979","1,959",,,jul-14,,,,
21-jul-14,"2,007","1,988",,,jul-14,,,,
22-jul-14,"2,039","2,021",,,jul-14,,,,
23-jul-14,"2,031","2,011",,,jul-14,,,,
24-jul-14,"2,036","2,014",,,jul-14,,,,
25-jul-14,"2,029","2,009",,,jul-14,,,,
28-jul-14,"2,007","1,988",,,jul-14,,,,
29-jul-14,"1,986","1,974",,,jul-14,,,,
30-jul-14,"1,994","1,983",,,jul-14,,,,
31-jul-14,"2,022","2,017",,,jul-14,,,,
01-ago-14,"1,971","1,965",,,ago-14,,,,
04-ago-14,"2,004","1,979",,,ago-14,,,,
05-ago-14,"2,014","2,002",,,ago-14,,,,
06-ago-14,"1,994","1,984",,,ago-14,,,,
07-ago-14,"2,024","2,015",,,ago-14,,,,
08-ago-14,"2,024","2,018",,,ago-14,,,,
11-ago-14,"2,033","2,032",,,ago-14,,,,
12-ago-14,"2,051","2,040",,,ago-14,,,,
13-ago-14,"2,044","2,026",,,ago-14,,,,
14-ago-14,"2,022","2,005",,,ago-14,,,,
15-ago-14,"1,989","1,980",,,ago-14,,,,
18-ago-14,"1,995","1,995",,,ago-14,,,,
19-ago-14,"2,038","2,028",,,ago-14,,,,
20-ago-14,"2,055","2,037",,,ago-14,,,,
21-ago-14,"2,069","2,059",,,ago-14,,,,
22-ago-14,"2,061","2,056",,,ago-14,,,,
26-ago-14,"2,089","2,082",,,ago-14,,,,
27-ago-14,"2,087","2,083",,,ago-14,,,,
28-ago-14,"2,089","2,108",,,ago-14,,,,
29-ago-14,"2,114","2,114",,,ago-14,,,,
01-sep-14,"2,096","2,082",,,sep-14,,,,
02-sep-14,"2,100","2,083",,,sep-14,,,,
03-sep-14,"2,091","2,078",,,sep-14,,,,
04-sep-14,"2,107","2,086",,,sep-14,,,,
05-sep-14,"2,098","2,075",,,sep-14,,,,
08-sep-14,"2,109","2,082",,,sep-14,,,,
09-sep-14,"2,076","2,045",,,sep-14,,,,
10-sep-14,"2,051","2,012",,,sep-14,,,,
11-sep-14,"2,041","2,002",,,sep-14,,,,
12-sep-14,"2,047","2,009",,,sep-14,,,,
15-sep-14,"2,001","1,959",,,sep-14,,,,
16-sep-14,"2,006","1,970",,,sep-14,,,,
17-sep-14,"2,006","1,967",,,sep-14,,,,
18-sep-14,"1,985","1,950",,,sep-14,,,,
19-sep-14,"1,983","1,950",,,sep-14,,,,
22-sep-14,"1,958","1,925",,,sep-14,,,,
23-sep-14,"1,974","1,940",,,sep-14,,,,
24-sep-14,"1,957","1,923",,,sep-14,,,,
25-sep-14,"1,961","1,927",,,sep-14,,,,
26-sep-14,"1,957","1,925",,,sep-14,,,,
29-sep-14,"1,948","1,914",,,sep-14,,,,
30-sep-14,"1,969","1,935",,,sep-14,,,,
01-oct-14,"1,933","1,899",,,oct-14,,,,
02-oct-14,"1,898","1,870",,,oct-14,,,,
03-oct-14,"1,913","1,883",,,oct-14,,,,
06-oct-14,"1,926","1,898",,,oct-14,,,,
07-oct-14,"1,917","1,886",,,oct-14,,,,
08-oct-14,"1,951","1,921",,,oct-14,,,,
09-oct-14,"1,956","1,924",,,oct-14,,,,
10-oct-14,"1,923","1,892",,,oct-14,,,,
13-oct-14,"1,934","1,904",,,oct-14,,,,
14-oct-14,"1,938","1,909",,,oct-14,,,,
15-oct-14,"1,941","1,913",,,oct-14,,,,
16-oct-14,"1,900","1,873",,,oct-14,,,,
17-oct-14,"1,945","1,930",,,oct-14,,,,
20-oct-14,"1,970","1,955",,,oct-14,,,,
21-oct-14,"1,981","1,972",,,oct-14,,,,
22-oct-14,"1,997","1,980",,,oct-14,,,,
23-oct-14,"1,987","1,985",,,oct-14,,,,
24-oct-14,"1,965","1,951",,,oct-14,,,,
27-oct-14,"1,967","1,964",,,oct-14,,,,
28-oct-14,"1,997","1,991",,,oct-14,,,,
29-oct-14,"2,014","2,012",,,oct-14,,,,
30-oct-14,"2,011","2,016",,,oct-14,,,,
31-oct-14,"2,037","2,057",,,oct-14,,,,
03-nov-14,"2,043","2,056",,,nov-14,,,,
04-nov-14,"2,049","2,051",,,nov-14,,,,
05-nov-14,"2,034","2,038",,,nov-14,,,,
06-nov-14,"2,054","2,053",,,nov-14,,,,
07-nov-14,"2,070","2,077",,,nov-14,,,,
10-nov-14,"2,042","2,041",,,nov-14,,,,
11-nov-14,"2,015","2,018",,,nov-14,,,,
12-nov-14,"2,050","2,062",,,nov-14,,,,
13-nov-14,"2,057","2,065",,,nov-14,,,,
14-nov-14,"2,018","2,021",,,nov-14,,,,
17-nov-14,"2,039","2,050",,,nov-14,,,,
18-nov-14,"2,006","2,016",,,nov-14,,,,
19-nov-14,"2,015","2,025",,,nov-14,,,,
20-nov-14,"2,011","2,017",,,nov-14,,,,
21-nov-14,"2,063","2,078",,,nov-14,,,,
24-nov-14,"2,048","2,060",,,nov-14,,,,
25-nov-14,"2,059","2,084",,,nov-14,,,,
26-nov-14,"2,066","2,099",,,nov-14,,,,
27-nov-14,"2,065","2,099",,,nov-14,,,,
28-nov-14,"2,027","2,072",,,nov-14,,,,
01-dic-14,"1,998","2,021",,,dic-14,,,,
02-dic-14,"2,003","2,015",,,dic-14,,,,
03-dic-14,"1,967","1,967",,,dic-14,,,,
04-dic-14,"1,975","1,975",,,dic-14,,,,
05-dic-14,"1,997","2,002",,,dic-14,,,,
08-dic-14,"1,973","1,960",,,dic-14,,,,
09-dic-14,"1,960","1,945",,,dic-14,,,,
10-dic-14,"1,966","1,950",,,dic-14,,,,
11-dic-14,"1,955","1,936",,,dic-14,,,,
12-dic-14,"1,941","1,918",,,dic-14,,,,
15-dic-14,"1,931","1,917",,,dic-14,,,,
16-dic-14,"1,910","1,875",,,dic-14,,,,
17-dic-14,"1,894","1,864",,,dic-14,,,,
18-dic-14,"1,917","1,889",,,dic-14,,,,
19-dic-14,"1,918","1,888",,,dic-14,,,,
22-dic-14,"1,905","1,878",,,dic-14,,,,
23-dic-14,"1,879","1,852",,,dic-14,,,,
24-dic-14,"1,864","1,834",,,dic-14,,,,
29-dic-14,"1,860","1,828",,,dic-14,,,,
30-dic-14,"1,854","1,835",,,dic-14,,,,
31-dic-14,"1,859","1,832",,,dic-14,,,,
02-ene-15,"1,848","1,822",,,ene-15,,,,
05-ene-15,"1,823","1,793",,,ene-15,,,,
06-ene-15,"1,807","1,773",,,ene-15,,,,
07-ene-15,"1,791","1,762",,,ene-15,,,,
08-ene-15,"1,803","1,777",,,ene-15,,,,
09-ene-15,"1,818","1,798",,,ene-15,,,,
12-ene-15,"1,802","1,779",,,ene-15,,,,
13-ene-15,"1,783","1,767",,,ene-15,,,,
14-ene-15,"1,779","1,768",,,ene-15,,,,
15-ene-15,"1,793","1,783",,,ene-15,,,,
16-ene-15,"1,809","1,799",,,ene-15,,,,
19-ene-15,"1,813","1,826",,,ene-15,,,,
20-ene-15,"1,835","1,830",,,ene-15,,,,
21-ene-15,"1,833","1,831",,,ene-15,,,,
22-ene-15,"1,872","1,867",,,ene-15,,,,
23-ene-15,"1,836","1,831",,,ene-15,,,,
26-ene-15,"1,829","1,818",,,ene-15,,,,
27-ene-15,"1,857","1,847",,,ene-15,,,,
28-ene-15,"1,858","1,850",,,ene-15,,,,
29-ene-15,"1,832","1,823",,,ene-15,,,,
30-ene-15,"1,847","1,838",,,ene-15,,,,
02-feb-15,"1,866","1,852",,,feb-15,,,,
03-feb-15,"1,890","1,870",,,feb-15,,,,
04-feb-15,"1,876","1,863",,,feb-15,,,,
05-feb-15,"1,862","1,849",,,feb-15,,,,
06-feb-15,"1,884","1,872",,,feb-15,,,,
09-feb-15,"1,870","1,855",,,feb-15,,,,
10-feb-15,"1,861","1,843",,,feb-15,,,,
11-feb-15,"1,832","1,812",,,feb-15,,,,
12-feb-15,"1,834","1,818",,,feb-15,,,,
13-feb-15,"1,846","1,832",,,feb-15,,,,
16-feb-15,"1,830","1,815",,,feb-15,,,,
17-feb-15,"1,821","1,801",,,feb-15,,,,
18-feb-15,"1,820","1,797",,,feb-15,,,,
19-feb-15,"1,821","1,802",,,feb-15,,,,
20-feb-15,"1,811","1,797",,,feb-15,,,,
23-feb-15,"1,793","1,773",,,feb-15,,,,
24-feb-15,"1,809","1,792",,,feb-15,,,,
25-feb-15,"1,801","1,784",,,feb-15,,,,
26-feb-15,"1,817","1,799",,,feb-15,,,,
27-feb-15,"1,808","1,795",,,feb-15,,,,
02-mar-15,"1,811","1,797",,,mar-15,,,,
03-mar-15,"1,796","1,784",,,mar-15,,,,
04-mar-15,"1,804","1,787",,,mar-15,,,,
05-mar-15,"1,806","1,788",,,mar-15,,,,
06-mar-15,"1,796","1,785",,,mar-15,,,,
09-mar-15,"1,775","1,761",,,mar-15,,,,
10-mar-15,"1,762","1,750",,,mar-15,,,,
11-mar-15,"1,770","1,754",,,mar-15,,,,
12-mar-15,"1,754","1,742",,,mar-15,,,,
13-mar-15,"1,747","1,744",,,mar-15,,,,
16-mar-15,"1,766","1,761",,,mar-15,,,,
17-mar-15,"1,768","1,770",,,mar-15,,,,
18-mar-15,"1,777","1,772",,,mar-15,,,,
19-mar-15,"1,782","1,783",,,mar-15,,,,
20-mar-15,"1,772","1,763",,,mar-15,,,,
23-mar-15,"1,796","1,787",,,mar-15,,,,
24-mar-15,"1,796","1,787",,,mar-15,,,,
25-mar-15,"1,772","1,764",,,mar-15,,,,
26-mar-15,"1,791","1,784",,,mar-15,,,,
27-mar-15,"1,778","1,772",,,mar-15,,,,
30-mar-15,"1,785","1,777",,,mar-15,,,,
31-mar-15,"1,790","1,789",,,mar-15,,,,
01-abr-15,"1,769","1,766",,,abr-15,,,,
02-abr-15,"1,774","1,771",,,abr-15,,,,
07-abr-15,"1,785","1,785",,,abr-15,,,,
08-abr-15,"1,775","1,775",,,abr-15,,,,
09-abr-15,"1,770","1,774",,,abr-15,,,,
10-abr-15,"1,770","1,773",,,abr-15,,,,
13-abr-15,"1,771","1,782",,,abr-15,,,,
14-abr-15,"1,768","1,771",,,abr-15,,,,
15-abr-15,"1,798","1,811",,,abr-15,,,,
16-abr-15,"1,840","1,857",,,abr-15,,,,
17-abr-15,"1,831","1,847",,,abr-15,,,,
20-abr-15,"1,829","1,859",,,abr-15,,,,
21-abr-15,"1,806","1,827",,,abr-15,,,,
22-abr-15,"1,814","1,818",,,abr-15,,,,
23-abr-15,"1,784","1,806",,,abr-15,,,,
24-abr-15,"1,809","1,830",,,abr-15,,,,
27-abr-15,"1,820","1,828",,,abr-15,,,,
28-abr-15,"1,862","1,868",,,abr-15,,,,
29-abr-15,"1,885","1,891",,,abr-15,,,,
30-abr-15,"1,904","1,910",,,abr-15,,,,
01-may-15,"1,922","1,919",,,may-15,,,,
05-may-15,"1,926","1,911",,,may-15,,,,
06-may-15,"1,938","1,916",,,may-15,,,,
07-may-15,"1,899","1,871",,,may-15,,,,
08-may-15,"1,896","1,864",,,may-15,,,,
11-may-15,"1,886","1,852",,,may-15,,,,
12-may-15,"1,884","1,855",,,may-15,,,,
13-may-15,"1,895","1,860",,,may-15,,,,
14-may-15,"1,885","1,846",,,may-15,,,,
15-may-15,"1,848","1,813",,,may-15,,,,
18-may-15,"1,837","1,796",,,may-15,,,,
19-may-15,"1,788","1,750",,,may-15,,,,
20-may-15,"1,790","1,749",,,may-15,,,,
21-may-15,"1,776","1,736",,,may-15,,,,
22-may-15,"1,765","1,726",,,may-15,,,,
26-may-15,"1,752","1,711",,,may-15,,,,
27-may-15,"1,739","1,700",,,may-15,,,,
28-may-15,"1,761","1,720",,,may-15,,,,
29-may-15,"1,745","1,706",,,may-15,,,,
01-jun-15,"1,734","1,692",,,jun-15,,,,
02-jun-15,"1,752","1,712",,,jun-15,,,,
03-jun-15,"1,756","1,717",,,jun-15,,,,
04-jun-15,"1,736","1,698",,,jun-15,,,,
05-jun-15,"1,732","1,694",,,jun-15,,,,
08-jun-15,"1,738","1,696",,,jun-15,,,,
09-jun-15,"1,761","1,723",,,jun-15,,,,
10-jun-15,"1,763","1,727",,,jun-15,,,,
11-jun-15,"1,738","1,702",,,jun-15,,,,
12-jun-15,"1,742","1,702",,,jun-15,,,,
15-jun-15,"1,704","1,661",,,jun-15,,,,
16-jun-15,"1,702","1,661",,,jun-15,,,,
17-jun-15,"1,718","1,676",,,jun-15,,,,
18-jun-15,"1,719","1,681",,,jun-15,,,,
19-jun-15,"1,691","1,651",,,jun-15,,,,
22-jun-15,"1,693","1,651",,,jun-15,,,,
23-jun-15,"1,723","1,681",,,jun-15,,,,
24-jun-15,"1,730","1,691",,,jun-15,,,,
25-jun-15,"1,712","1,671",,,jun-15,,,,
26-jun-15,"1,710","1,668",,,jun-15,,,,
29-jun-15,"1,683","1,642",,,jun-15,,,,
30-jun-15,"1,689","1,647",,,jun-15,,,,
01-jul-15,"1,707","1,666",,,jul-15,,,,
02-jul-15,"1,731","1,693",,,jul-15,,,,
03-jul-15,"1,723","1,685",,,jul-15,,,,
06-jul-15,"1,685","1,644",,,jul-15,,,,
07-jul-15,"1,687","1,645",,,jul-15,,,,
08-jul-15,"1,661","1,620",,,jul-15,,,,
09-jul-15,"1,693","1,649",,,jul-15,,,,
10-jul-15,"1,693","1,653",,,jul-15,,,,
13-jul-15,"1,706","1,659",,,jul-15,,,,
14-jul-15,"1,693","1,653",,,jul-15,,,,
15-jul-15,"1,718","1,675",,,jul-15,,,,
16-jul-15,"1,709","1,664",,,jul-15,,,,
17-jul-15,"1,703","1,664",,,jul-15,,,,
20-jul-15,"1,683","1,637",,,jul-15,,,,
21-jul-15,"1,674","1,631",,,jul-15,,,,
22-jul-15,"1,655","1,611",,,jul-15,,,,
23-jul-15,"1,651","1,605",,,jul-15,,,,
24-jul-15,"1,639","1,595",,,jul-15,,,,
27-jul-15,"1,642","1,601",,,jul-15,,,,
28-jul-15,"1,650","1,609",,,jul-15,,,,
29-jul-15,"1,657","1,619",,,jul-15,,,,
30-jul-15,"1,645","1,609",,,jul-15,,,,
31-jul-15,"1,625","1,594",,,jul-15,,,,
03-ago-15,"1,606","1,564",,,ago-15,,,,
04-ago-15,"1,614","1,578",,,ago-15,,,,
05-ago-15,"1,611","1,570",,,ago-15,,,,
06-ago-15,"1,589","1,553",,,ago-15,,,,
07-ago-15,"1,593","1,557",,,ago-15,,,,
10-ago-15,"1,587","1,553",,,ago-15,,,,
11-ago-15,"1,582","1,547",,,ago-15,,,,
12-ago-15,"1,582","1,547",,,ago-15,,,,
13-ago-15,"1,570","1,539",,,ago-15,,,,
14-ago-15,"1,574","1,541",,,ago-15,,,,
17-ago-15,"1,559","1,524",,,ago-15,,,,
18-ago-15,"1,559","1,532",,,ago-15,,,,
19-ago-15,"1,552","1,522",,,ago-15,,,,
20-ago-15,"1,572","1,544",,,ago-15,,,,
21-ago-15,"1,552","1,524",,,ago-15,,,,
24-ago-15,"1,511","1,486",,,ago-15,,,,
25-ago-15,"1,547","1,526",,,ago-15,,,,
26-ago-15,"1,536","1,514",,,ago-15,,,,
27-ago-15,"1,547","1,528",,,ago-15,,,,
28-ago-15,"1,566","1,550",,,ago-15,,,,
01-sep-15,"1,595","1,578",,,sep-15,,,,
02-sep-15,"1,592","1,570",,,sep-15,,,,
03-sep-15,"1,627","1,607",,,sep-15,,,,
04-sep-15,"1,624","1,602",,,sep-15,,,,
07-sep-15,"1,610","1,588",,,sep-15,,,,
08-sep-15,"1,616","1,594",,,sep-15,,,,
09-sep-15,"1,649","1,628",,,sep-15,,,,
10-sep-15,"1,627","1,608",,,sep-15,,,,
11-sep-15,"1,635","1,615",,,sep-15,,,,
14-sep-15,"1,618","1,599",,,sep-15,,,,
15-sep-15,"1,616","1,601",,,sep-15,,,,
16-sep-15,"1,619","1,599",,,sep-15,,,,
17-sep-15,"1,619","1,607",,,sep-15,,,,
18-sep-15,"1,636","1,625",,,sep-15,,,,
21-sep-15,"1,623","1,612",,,sep-15,,,,
22-sep-15,"1,589","1,579",,,sep-15,,,,
23-sep-15,"1,583","1,572",,,sep-15,,,,
24-sep-15,"1,573","1,561",,,sep-15,,,,
25-sep-15,"1,578","1,567",,,sep-15,,,,
28-sep-15,"1,550","1,537",,,sep-15,,,,
29-sep-15,"1,562","1,549",,,sep-15,,,,
30-sep-15,"1,573","1,562",,,sep-15,,,,
01-oct-15,"1,588","1,579",,,oct-15,,,,
02-oct-15,"1,553","1,545",,,oct-15,,,,
05-oct-15,"1,556","1,547",,,oct-15,,,,
06-oct-15,"1,557","1,547",,,oct-15,,,,
07-oct-15,"1,580","1,567",,,oct-15,,,,
08-oct-15,"1,568","1,552",,,oct-15,,,,
09-oct-15,"1,624","1,607",,,oct-15,,,,
12-oct-15,"1,627","1,608",,,oct-15,,,,
13-oct-15,"1,577","1,560",,,oct-15,,,,
14-oct-15,"1,589","1,569",,,oct-15,,,,
15-oct-15,"1,588","1,568",,,oct-15,,,,
16-oct-15,"1,564","1,543",,,oct-15,,,,
19-oct-15,"1,559","1,536",,,oct-15,,,,
20-oct-15,"1,536","1,507",,,oct-15,,,,
21-oct-15,"1,524","1,491",,,oct-15,,,,
22-oct-15,"1,517","1,480",,,oct-15,,,,
23-oct-15,"1,517","1,481",,,oct-15,,,,
26-oct-15,"1,502","1,468",,,oct-15,,,,
27-oct-15,"1,491","1,454",,,oct-15,,,,
28-oct-15,"1,467","1,434",,,oct-15,,,,
29-oct-15,"1,472","1,441",,,oct-15,,,,
30-oct-15,"1,479","1,448",,,oct-15,,,,
02-nov-15,"1,484","1,452",,,nov-15,,,,
03-nov-15,"1,501","1,470",,,nov-15,,,,
04-nov-15,"1,503","1,473",,,nov-15,,,,
05-nov-15,"1,497","1,473",,,nov-15,,,,
06-nov-15,"1,508","1,492",,,nov-15,,,,
09-nov-15,"1,519","1,506",,,nov-15,,,,
10-nov-15,"1,499","1,486",,,nov-15,,,,
11-nov-15,"1,506","1,494",,,nov-15,,,,
12-nov-15,"1,493","1,485",,,nov-15,,,,
13-nov-15,"1,490","1,476",,,nov-15,,,,
16-nov-15,"1,474","1,458",,,nov-15,,,,
17-nov-15,"1,480","1,463",,,nov-15,,,,
18-nov-15,"1,474","1,454",,,nov-15,,,,
19-nov-15,"1,462","1,446",,,nov-15,,,,
20-nov-15,"1,488","1,475",,,nov-15,,,,
23-nov-15,"1,435","1,424",,,nov-15,,,,
24-nov-15,"1,445","1,433",,,nov-15,,,,
25-nov-15,"1,440","1,429",,,nov-15,,,,
26-nov-15,"1,481","1,471",,,nov-15,,,,
27-nov-15,"1,487","1,480",,,nov-15,,,,
30-nov-15,"1,452","1,442",,,nov-15,,,,
01-dic-15,"1,450","1,442",,,dic-15,,,,
02-dic-15,"1,469","1,460",,,dic-15,,,,
03-dic-15,"1,469","1,463",,,dic-15,,,,
04-dic-15,"1,511","1,503",,,dic-15,,,,
07-dic-15,"1,509","1,498",,,dic-15,,,,
08-dic-15,"1,468","1,462",,,dic-15,,,,
09-dic-15,"1,495","1,494",,,dic-15,,,,
10-dic-15,"1,482","1,479",,,dic-15,,,,
11-dic-15,"1,496","1,500",,,dic-15,,,,
14-dic-15,"1,476","1,476",,,dic-15,,,,
15-dic-15,"1,477","1,478",,,dic-15,,,,
16-dic-15,"1,478","1,478",,,dic-15,,,,
17-dic-15,"1,475","1,483",,,dic-15,,,,
18-dic-15,"1,500","1,508",,,dic-15,,,,
21-dic-15,"1,506","1,510",,,dic-15,,,,
22-dic-15,"1,515","1,518",,,dic-15,,,,
23-dic-15,"1,528","1,539",,,dic-15,,,,
24-dic-15,"1,542","1,541",,,dic-15,,,,
29-dic-15,"1,541","1,535",,,dic-15,,,,
30-dic-15,"1,513","1,507",,,dic-15,,,,
31-dic-15,"1,514","1,508",,,dic-15,,,,
04-ene-16,"1,471","1,466",,,ene-16,,,,
05-ene-16,"1,478","1,473",,,ene-16,,,,
06-ene-16,"1,464","1,457",,,ene-16,,,,
07-ene-16,"1,461","1,455",,,ene-16,,,,
08-ene-16,"1,483","1,476",,,ene-16,,,,
11-ene-16,"1,477","1,472",,,ene-16,,,,
12-ene-16,"1,462","1,457",,,ene-16,,,,
13-ene-16,"1,452","1,453",,,ene-16,,,,
14-ene-16,"1,471","1,478",,,ene-16,,,,
15-ene-16,"1,468","1,468",,,ene-16,,,,
18-ene-16,"1,476","1,487",,,ene-16,,,,
19-ene-16,"1,491","1,494",,,ene-16,,,,
20-ene-16,"1,468","1,462",,,ene-16,,,,
21-ene-16,"1,471","1,470",,,ene-16,,,,
22-ene-16,"1,497","1,498",,,ene-16,,,,
25-ene-16,"1,481","1,480",,,ene-16,,,,
26-ene-16,"1,481","1,481",,,ene-16,,,,
27-ene-16,"1,506","1,508",,,ene-16,,,,
28-ene-16,"1,524","1,527",,,ene-16,,,,
29-ene-16,"1,524","1,530",,,ene-16,,,,
01-feb-16,"1,516","1,520",,,feb-16,,,,
02-feb-16,"1,524","1,525",,,feb-16,,,,
03-feb-16,"1,512","1,514",,,feb-16,,,,
04-feb-16,"1,531","1,532",,,feb-16,,,,
05-feb-16,"1,533","1,531",,,feb-16,,,,
08-feb-16,"1,499","1,496",,,feb-16,,,,
09-feb-16,"1,492","1,492",,,feb-16,,,,
10-feb-16,"1,495","1,499",,,feb-16,,,,
11-feb-16,"1,489","1,494",,,feb-16,,,,
12-feb-16,"1,495","1,499",,,feb-16,,,,
15-feb-16,"1,507","1,506",,,feb-16,,,,
16-feb-16,"1,527","1,529",,,feb-16,,,,
17-feb-16,"1,515","1,520",,,feb-16,,,,
18-feb-16,"1,518","1,530",,,feb-16,,,,
19-feb-16,"1,537","1,552",,,feb-16,,,,
22-feb-16,"1,555","1,573",,,feb-16,,,,
23-feb-16,"1,565","1,576",,,feb-16,,,,
24-feb-16,"1,545","1,552",,,feb-16,,,,
25-feb-16,"1,577","1,600",,,feb-16,,,,
26-feb-16,"1,572","1,589",,,feb-16,,,,
29-feb-16,"1,586","1,622",,,feb-16,,,,
01-mar-16,"1,577","1,591",,,mar-16,,,,
02-mar-16,"1,581","1,597",,,mar-16,,,,
03-mar-16,"1,588","1,604",,,mar-16,,,,
04-mar-16,"1,573","1,588",,,mar-16,,,,
07-mar-16,"1,587","1,600",,,mar-16,,,,
08-mar-16,"1,589","1,590",,,mar-16,,,,
09-mar-16,"1,564","1,564",,,mar-16,,,,
10-mar-16,"1,574","1,565",,,mar-16,,,,
11-mar-16,"1,560","1,549",,,mar-16,,,,
14-mar-16,"1,547","1,533",,,mar-16,,,,
15-mar-16,"1,524","1,508",,,mar-16,,,,
16-mar-16,"1,510","1,495",,,mar-16,,,,
17-mar-16,"1,525","1,504",,,mar-16,,,,
18-mar-16,"1,520","1,498",,,mar-16,,,,
21-mar-16,"1,513","1,486",,,mar-16,,,,
22-mar-16,"1,503","1,481",,,mar-16,,,,
23-mar-16,"1,495","1,480",,,mar-16,,,,
24-mar-16,"1,480","1,470",,,mar-16,,,,
29-mar-16,"1,484","1,473",,,mar-16,,,,
01-abr-16,"1,536","1,524",,,abr-16,,,,
04-abr-16,"1,537","1,523",,,abr-16,,,,
05-abr-16,"1,519","1,498",,,abr-16,,,,
06-abr-16,"1,505","1,481",,,abr-16,,,,
07-abr-16,"1,506","1,485",,,abr-16,,,,
08-abr-16,"1,509","1,492",,,abr-16,,,,
11-abr-16,"1,507","1,494",,,abr-16,,,,
12-abr-16,"1,526","1,514",,,abr-16,,,,
13-abr-16,"1,551","1,546",,,abr-16,,,,
14-abr-16,"1,563","1,549",,,abr-16,,,,
15-abr-16,"1,546","1,535",,,abr-16,,,,
18-abr-16,"1,556","1,547",,,abr-16,,,,
19-abr-16,"1,566","1,566",,,abr-16,,,,
20-abr-16,"1,601","1,598",,,abr-16,,,,
21-abr-16,"1,638","1,628",,,abr-16,,,,
22-abr-16,"1,643","1,635",,,abr-16,,,,
25-abr-16,"1,652","1,641",,,abr-16,,,,
26-abr-16,"1,643","1,632",,,abr-16,,,,
27-abr-16,"1,647","1,643",,,abr-16,,,,
28-abr-16,"1,650","1,649",,,abr-16,,,,
29-abr-16,"1,675","1,673",,,abr-16,,,,
03-may-16,"1,649","1,629",,,may-16,,,,
04-may-16,"1,630","1,611",,,may-16,,,,
05-may-16,"1,617","1,602",,,may-16,,,,
06-may-16,"1,615","1,599",,,may-16,,,,
09-may-16,"1,575","1,557",,,may-16,,,,
10-may-16,"1,562","1,543",,,may-16,,,,
11-may-16,"1,574","1,560",,,may-16,,,,
12-may-16,"1,556","1,545",,,may-16,,,,
13-may-16,"1,544","1,529",,,may-16,,,,
16-may-16,"1,541","1,526",,,may-16,,,,
17-may-16,"1,543","1,532",,,may-16,,,,
18-may-16,"1,542","1,530",,,may-16,,,,
19-may-16,"1,549","1,536",,,may-16,,,,
20-may-16,"1,569","1,559",,,may-16,,,,
23-may-16,"1,540","1,526",,,may-16,,,,
24-may-16,"1,562","1,553",,,may-16,,,,
25-may-16,"1,546","1,539",,,may-16,,,,
26-may-16,"1,559","1,553",,,may-16,,,,
27-may-16,"1,559","1,552",,,may-16,,,,
31-may-16,"1,559","1,548",,,may-16,,,,
01-jun-16,"1,557","1,544",,,jun-16,,,,
02-jun-16,"1,566","1,559",,,jun-16,,,,
03-jun-16,"1,549","1,543",,,jun-16,,,,
06-jun-16,"1,558","1,548",,,jun-16,,,,
07-jun-16,"1,552","1,541",,,jun-16,,,,
08-jun-16,"1,607","1,596",,,jun-16,,,,
09-jun-16,"1,601","1,592",,,jun-16,,,,
10-jun-16,"1,586","1,584",,,jun-16,,,,
13-jun-16,"1,582","1,582",,,jun-16,,,,
14-jun-16,"1,606","1,605",,,jun-16,,,,
15-jun-16,"1,625","1,614",,,jun-16,,,,
16-jun-16,"1,604","1,593",,,jun-16,,,,
17-jun-16,"1,614","1,603",,,jun-16,,,,
20-jun-16,"1,619","1,608",,,jun-16,,,,
21-jun-16,"1,634","1,624",,,jun-16,,,,
22-jun-16,"1,634","1,624",,,jun-16,,,,
23-jun-16,"1,635","1,628",,,jun-16,,,,
24-jun-16,"1,611","1,601",,,jun-16,,,,
27-jun-16,"1,603","1,592",,,jun-16,,,,
28-jun-16,"1,613","1,603",,,jun-16,,,,
29-jun-16,"1,624","1,614",,,jun-16,,,,
30-jun-16,"1,644","1,635",,,jun-16,,,,
01-jul-16,"1,655","1,645",,,jul-16,,,,
04-jul-16,"1,663","1,653",,,jul-16,,,,
05-jul-16,"1,634","1,624",,,jul-16,,,,
06-jul-16,"1,635","1,624",,,jul-16,,,,
07-jul-16,"1,647","1,637",,,jul-16,,,,
08-jul-16,"1,653","1,641",,,jul-16,,,,
11-jul-16,"1,663","1,653",,,jul-16,,,,
12-jul-16,"1,660","1,646",,,jul-16,,,,
13-jul-16,"1,682","1,670",,,jul-16,,,,
14-jul-16,"1,681","1,672",,,jul-16,,,,
15-jul-16,"1,696","1,682",,,jul-16,,,,
18-jul-16,"1,653","1,645",,,jul-16,,,,
19-jul-16,"1,656","1,643",,,jul-16,,,,
20-jul-16,"1,625","1,609",,,jul-16,,,,
21-jul-16,"1,612","1,595",,,jul-16,,,,
22-jul-16,"1,613","1,600",,,jul-16,,,,
25-jul-16,"1,613","1,601",,,jul-16,,,,
26-jul-16,"1,601","1,591",,,jul-16,,,,
27-jul-16,"1,593","1,584",,,jul-16,,,,
28-jul-16,"1,603","1,598",,,jul-16,,,,
29-jul-16,"1,628","1,616",,,jul-16,,,,
01-ago-16,"1,654","1,646",,,ago-16,,,,
02-ago-16,"1,642","1,636",,,ago-16,,,,
03-ago-16,"1,630","1,620",,,ago-16,,,,
04-ago-16,"1,631","1,616",,,ago-16,,,,
05-ago-16,"1,638","1,628",,,ago-16,,,,
08-ago-16,"1,653","1,645",,,ago-16,,,,
09-ago-16,"1,640","1,626",,,ago-16,,,,
10-ago-16,"1,658","1,646",,,ago-16,,,,
11-ago-16,"1,643","1,630",,,ago-16,,,,
12-ago-16,"1,645","1,635",,,ago-16,,,,
15-ago-16,"1,657","1,645",,,ago-16,,,,
16-ago-16,"1,687","1,676",,,ago-16,,,,
17-ago-16,"1,696","1,686",,,ago-16,,,,
18-ago-16,"1,701","1,691",,,ago-16,,,,
19-ago-16,"1,663","1,649",,,ago-16,,,,
22-ago-16,"1,661","1,652",,,ago-16,,,,
23-ago-16,"1,667","1,653",,,ago-16,,,,
24-ago-16,"1,667","1,657",,,ago-16,,,,
25-ago-16,"1,638","1,624",,,ago-16,,,,
26-ago-16,"1,644","1,628",,,ago-16,,,,
30-ago-16,"1,642","1,628",,,ago-16,,,,
31-ago-16,"1,624","1,601",,,ago-16,,,,
01-sep-16,"1,608","1,587",,,sep-16,,,,
02-sep-16,"1,610","1,592",,,sep-16,,,,
05-sep-16,"1,587","1,569",,,sep-16,,,,
06-sep-16,"1,591","1,574",,,sep-16,,,,
07-sep-16,"1,599","1,583",,,sep-16,,,,
08-sep-16,"1,586","1,566",,,sep-16,,,,
09-sep-16,"1,587","1,568",,,sep-16,,,,
12-sep-16,"1,566","1,546",,,sep-16,,,,
13-sep-16,"1,574","1,557",,,sep-16,,,,
14-sep-16,"1,566","1,553",,,sep-16,,,,
15-sep-16,"1,574","1,560",,,sep-16,,,,
16-sep-16,"1,569","1,560",,,sep-16,,,,
19-sep-16,"1,576","1,559",,,sep-16,,,,
20-sep-16,"1,576","1,563",,,sep-16,,,,
21-sep-16,"1,578","1,570",,,sep-16,,,,
22-sep-16,"1,621","1,612",,,sep-16,,,,
23-sep-16,"1,643","1,638",,,sep-16,,,,
26-sep-16,"1,631","1,620",,,sep-16,,,,
27-sep-16,"1,664","1,648",,,sep-16,,,,
28-sep-16,"1,658","1,649",,,sep-16,,,,
29-sep-16,"1,664","1,653",,,sep-16,,,,
30-sep-16,"1,669","1,659",,,sep-16,,,,
03-oct-16,"1,660","1,650",,,oct-16,,,,
04-oct-16,"1,679","1,671",,,oct-16,,,,
05-oct-16,"1,669","1,663",,,oct-16,,,,
06-oct-16,"1,676","1,668",,,oct-16,,,,
07-oct-16,"1,682","1,675",,,oct-16,,,,
10-oct-16,"1,682","1,678",,,oct-16,,,,
11-oct-16,"1,674","1,673",,,oct-16,,,,
12-oct-16,"1,686","1,684",,,oct-16,,,,
13-oct-16,"1,687","1,681",,,oct-16,,,,
14-oct-16,"1,686","1,685",,,oct-16,,,,
17-oct-16,"1,654","1,645",,,oct-16,,,,
18-oct-16,"1,672","1,664",,,oct-16,,,,
19-oct-16,"1,628","1,622",,,oct-16,,,,
20-oct-16,"1,618","1,613",,,oct-16,,,,
21-oct-16,"1,621","1,617",,,oct-16,,,,
24-oct-16,"1,633","1,627",,,oct-16,,,,
25-oct-16,"1,659","1,651",,,oct-16,,,,
26-oct-16,"1,681","1,673",,,oct-16,,,,
27-oct-16,"1,687","1,682",,,oct-16,,,,
28-oct-16,"1,702","1,702",,,oct-16,,,,
31-oct-16,"1,724","1,723",,,oct-16,,,,
01-nov-16,"1,734","1,732",,,nov-16,,,,
02-nov-16,"1,711","1,709",,,nov-16,,,,
03-nov-16,"1,729","1,726",,,nov-16,,,,
04-nov-16,"1,722","1,719",,,nov-16,,,,
07-nov-16,"1,722","1,716",,,nov-16,,,,
08-nov-16,"1,715","1,706",,,nov-16,,,,
09-nov-16,"1,739","1,738",,,nov-16,,,,
10-nov-16,"1,773","1,773",,,nov-16,,,,
11-nov-16,"1,779","1,777",,,nov-16,,,,
14-nov-16,"1,755","1,765",,,nov-16,,,,
15-nov-16,"1,722","1,727",,,nov-16,,,,
16-nov-16,"1,710","1,719",,,nov-16,,,,
17-nov-16,"1,685","1,693",,,nov-16,,,,
18-nov-16,"1,700","1,712",,,nov-16,,,,
21-nov-16,"1,714","1,726",,,nov-16,,,,
22-nov-16,"1,737","1,739",,,nov-16,,,,
23-nov-16,"1,760","1,766",,,nov-16,,,,
24-nov-16,"1,776","1,774",,,nov-16,,,,
25-nov-16,"1,752","1,751",,,nov-16,,,,
28-nov-16,"1,769","1,767",,,nov-16,,,,
29-nov-16,"1,724","1,722",,,nov-16,,,,
30-nov-16,"1,724","1,723",,,nov-16,,,,
01-dic-16,"1,725","1,724",,,dic-16,,,,
02-dic-16,"1,713","1,715",,,dic-16,,,,
05-dic-16,"1,724","1,728",,,dic-16,,,,
06-dic-16,"1,713","1,718",,,dic-16,,,,
07-dic-16,"1,725","1,728",,,dic-16,,,,
08-dic-16,"1,724","1,732",,,dic-16,,,,
09-dic-16,"1,738","1,743",,,dic-16,,,,
12-dic-16,"1,743","1,750",,,dic-16,,,,
13-dic-16,"1,748","1,755",,,dic-16,,,,
14-dic-16,"1,742","1,752",,,dic-16,,,,
15-dic-16,"1,729","1,736",,,dic-16,,,,
16-dic-16,"1,724","1,733",,,dic-16,,,,
19-dic-16,"1,712","1,717",,,dic-16,,,,
20-dic-16,"1,716","1,723",,,dic-16,,,,
21-dic-16,"1,721","1,731",,,dic-16,,,,
22-dic-16,"1,721","1,738",,,dic-16,,,,
23-dic-16,"1,719","1,740",,,dic-16,,,,
28-dic-16,"1,714","1,727",,,dic-16,,,,
29-dic-16,"1,702","1,713",,,dic-16,,,,
30-dic-16,"1,702","1,714",,,dic-16,,,,
03-ene-17,"1,693","1,702",,,ene-17,,,,
04-ene-17,"1,689","1,701",,,ene-17,,,,
05-ene-17,"1,702","1,710",,,ene-17,,,,
06-ene-17,"1,712","1,722",,,ene-17,,,,
09-ene-17,"1,706","1,717",,,ene-17,,,,
10-ene-17,"1,747","1,758",,,ene-17,,,,
11-ene-17,"1,747","1,749",,,ene-17,,,,
12-ene-17,"1,788","1,788",,,ene-17,,,,
13-ene-17,"1,792","1,791",,,ene-17,,,,
16-ene-17,"1,812","1,812",,,ene-17,,,,
17-ene-17,"1,804","1,806",,,ene-17,,,,
18-ene-17,"1,799","1,801",,,ene-17,,,,
19-ene-17,"1,824","1,832",,,ene-17,,,,
20-ene-17,"1,833","1,839",,,ene-17,,,,
23-ene-17,"1,863","1,870",,,ene-17,,,,
24-ene-17,"1,868","1,870",,,ene-17,,,,
25-ene-17,"1,845","1,849",,,ene-17,,,,
26-ene-17,"1,840","1,838",,,ene-17,,,,
27-ene-17,"1,824","1,828",,,ene-17,,,,
30-ene-17,"1,811","1,807",,,ene-17,,,,
31-ene-17,"1,821","1,821",,,ene-17,,,,
01-feb-17,"1,819","1,818",,,feb-17,,,,
02-feb-17,"1,822","1,813",,,feb-17,,,,
03-feb-17,"1,816","1,809",,,feb-17,,,,
06-feb-17,"1,827","1,812",,,feb-17,,,,
07-feb-17,"1,824","1,809",,,feb-17,,,,
08-feb-17,"1,841","1,821",,,feb-17,,,,
09-feb-17,"1,856","1,839",,,feb-17,,,,
10-feb-17,"1,858","1,849",,,feb-17,,,,
13-feb-17,"1,872","1,868",,,feb-17,,,,
14-feb-17,"1,901","1,893",,,feb-17,,,,
15-feb-17,"1,885","1,871",,,feb-17,,,,
16-feb-17,"1,892","1,878",,,feb-17,,,,
17-feb-17,"1,879","1,866",,,feb-17,,,,
20-feb-17,"1,888","1,878",,,feb-17,,,,
21-feb-17,"1,890","1,878",,,feb-17,,,,
22-feb-17,"1,878","1,873",,,feb-17,,,,
23-feb-17,"1,891","1,883",,,feb-17,,,,
24-feb-17,"1,881","1,877",,,feb-17,,,,
27-feb-17,"1,906","1,908",,,feb-17,,,,
28-feb-17,"1,896","1,895",,,feb-17,,,,
01-mar-17,"1,939","1,934",,,mar-17,,,,
02-mar-17,"1,936","1,929",,,mar-17,,,,
03-mar-17,"1,913","1,909",,,mar-17,,,,
06-mar-17,"1,872","1,868",,,mar-17,,,,
07-mar-17,"1,867","1,858",,,mar-17,,,,
08-mar-17,"1,889","1,881",,,mar-17,,,,
09-mar-17,"1,856","1,847",,,mar-17,,,,
10-mar-17,"1,898","1,885",,,mar-17,,,,
13-mar-17,"1,895","1,882",,,mar-17,,,,
14-mar-17,"1,863","1,851",,,mar-17,,,,
15-mar-17,"1,876","1,863",,,mar-17,,,,
16-mar-17,"1,906","1,895",,,mar-17,,,,
17-mar-17,"1,911","1,901",,,mar-17,,,,
20-mar-17,"1,924","1,908",,,mar-17,,,,
21-mar-17,"1,930","1,918",,,mar-17,,,,
22-mar-17,"1,922","1,910",,,mar-17,,,,
23-mar-17,"1,923","1,913",,,mar-17,,,,
24-mar-17,"1,930","1,918",,,mar-17,,,,
27-mar-17,"1,925","1,916",,,mar-17,,,,
28-mar-17,"1,929","1,919",,,mar-17,,,,
29-mar-17,"1,939","1,931",,,mar-17,,,,
30-mar-17,"1,960","1,955",,,mar-17,,,,
31-mar-17,"1,955","1,947",,,mar-17,,,,
03-abr-17,"1,959","1,949",,,abr-17,,,,
04-abr-17,"1,949","1,938",,,abr-17,,,,
05-abr-17,"1,972","1,962",,,abr-17,,,,
06-abr-17,"1,969","1,956",,,abr-17,,,,
07-abr-17,"1,944","1,930",,,abr-17,,,,
10-abr-17,"1,941","1,929",,,abr-17,,,,
11-abr-17,"1,919","1,908",,,abr-17,,,,
12-abr-17,"1,917","1,907",,,abr-17,,,,
13-abr-17,"1,903","1,890",,,abr-17,,,,
18-abr-17,"1,930","1,916",,,abr-17,,,,
19-abr-17,"1,909","1,896",,,abr-17,,,,
20-abr-17,"1,943","1,933",,,abr-17,,,,
21-abr-17,"1,940","1,933",,,abr-17,,,,
24-abr-17,"1,934","1,928",,,abr-17,,,,
25-abr-17,"1,954","1,943",,,abr-17,,,,
26-abr-17,"1,964","1,958",,,abr-17,,,,
27-abr-17,"1,962","1,955",,,abr-17,,,,
28-abr-17,"1,938","1,930",,,abr-17,,,,
02-may-17,"1,918","1,909",,,may-17,,,,
03-may-17,"1,923","1,916",,,may-17,,,,
04-may-17,"1,917","1,910",,,may-17,,,,
05-may-17,"1,914","1,907",,,may-17,,,,
08-may-17,"1,884","1,879",,,may-17,,,,
09-may-17,"1,880","1,874",,,may-17,,,,
10-may-17,"1,875","1,870",,,may-17,,,,
11-may-17,"1,890","1,887",,,may-17,,,,
12-may-17,"1,884","1,880",,,may-17,,,,
15-may-17,"1,905","1,900",,,may-17,,,,
16-may-17,"1,913","1,915",,,may-17,,,,
17-may-17,"1,926","1,928",,,may-17,,,,
18-may-17,"1,906","1,905",,,may-17,,,,
19-may-17,"1,938","1,938",,,may-17,,,,
22-may-17,"1,942","1,943",,,may-17,,,,
23-may-17,"1,930","1,926",,,may-17,,,,
24-may-17,"1,944","1,944",,,may-17,,,,
26-may-17,"1,954","1,950",,,may-17,,,,
30-may-17,"1,944","1,944",,,may-17,,,,
31-may-17,"1,919","1,920",,,may-17,,,,
01-jun-17,"1,931","1,930",,,jun-17,,,,
02-jun-17,"1,914","1,917",,,jun-17,,,,
05-jun-17,"1,918","1,918",,,jun-17,,,,
06-jun-17,"1,890","1,893",,,jun-17,,,,
07-jun-17,"1,904","1,904",,,jun-17,,,,
08-jun-17,"1,904","1,903",,,jun-17,,,,
09-jun-17,"1,903","1,902",,,jun-17,,,,
12-jun-17,"1,893","1,888",,,jun-17,,,,
13-jun-17,"1,884","1,877",,,jun-17,,,,
14-jun-17,"1,896","1,887",,,jun-17,,,,
15-jun-17,"1,875","1,864",,,jun-17,,,,
16-jun-17,"1,872","1,861",,,jun-17,,,,
19-jun-17,"1,876","1,862",,,jun-17,,,,
20-jun-17,"1,900","1,889",,,jun-17,,,,
21-jun-17,"1,874","1,866",,,jun-17,,,,
22-jun-17,"1,878","1,872",,,jun-17,,,,
23-jun-17,"1,876","1,868",,,jun-17,,,,
26-jun-17,"1,863","1,855",,,jun-17,,,,
27-jun-17,"1,872","1,862",,,jun-17,,,,
28-jun-17,"1,893","1,886",,,jun-17,,,,
29-jun-17,"1,902","1,898",,,jun-17,,,,
30-jun-17,"1,915","1,909",,,jun-17,,,,
03-jul-17,"1,922","1,918",,,jul-17,,,,
04-jul-17,"1,914","1,904",,,jul-17,,,,
05-jul-17,"1,919","1,913",,,jul-17,,,,
06-jul-17,"1,936","1,926",,,jul-17,,,,
07-jul-17,"1,932","1,920",,,jul-17,,,,
10-jul-17,"1,923","1,914",,,jul-17,,,,
11-jul-17,"1,892","1,879",,,jul-17,,,,
12-jul-17,"1,894","1,877",,,jul-17,,,,
13-jul-17,"1,929","1,911",,,jul-17,,,,
14-jul-17,"1,921","1,904",,,jul-17,,,,
17-jul-17,"1,925","1,901",,,jul-17,,,,
18-jul-17,"1,907","1,887",,,jul-17,,,,
19-jul-17,"1,936","1,907",,,jul-17,,,,
20-jul-17,"1,924","1,898",,,jul-17,,,,
21-jul-17,"1,926","1,901",,,jul-17,,,,
24-jul-17,"1,918","1,890",,,jul-17,,,,
25-jul-17,"1,919","1,897",,,jul-17,,,,
26-jul-17,"1,934","1,912",,,jul-17,,,,
27-jul-17,"1,944","1,923",,,jul-17,,,,
28-jul-17,"1,913","1,892",,,jul-17,,,,
31-jul-17,"1,924","1,904",,,jul-17,,,,
01-ago-17,"1,910","1,877",,,ago-17,,,,
02-ago-17,"1,926","1,904",,,ago-17,,,,
03-ago-17,"1,916","1,892",,,ago-17,,,,
04-ago-17,"1,911","1,890",,,ago-17,,,,
07-ago-17,"1,940","1,920",,,ago-17,,,,
08-ago-17,"1,923","1,981",,,ago-17,,,,
09-ago-17,"2,024","2,018",,,ago-17,,,,
10-ago-17,"2,031","2,024",,,ago-17,,,,
11-ago-17,"2,038","2,041",,,ago-17,,,,
14-ago-17,"2,032","2,030",,,ago-17,,,,
15-ago-17,"2,051","2,056",,,ago-17,,,,
16-ago-17,"2,070","2,075",,,ago-17,,,,
17-ago-17,"2,086","2,096",,,ago-17,,,,
18-ago-17,"2,089","2,105",,,ago-17,,,,
21-ago-17,"2,082","2,085",,,ago-17,,,,
22-ago-17,"2,085","2,105",,,ago-17,,,,
23-ago-17,"2,076","2,083",,,ago-17,,,,
24-ago-17,"2,102","2,105",,,ago-17,,,,
25-ago-17,"2,099","2,097",,,ago-17,,,,
29-ago-17,"2,104","2,092",,,ago-17,,,,
30-ago-17,"2,086","2,067",,,ago-17,,,,
31-ago-17,"2,132","2,114",,,ago-17,,,,
01-sep-17,"2,134","2,114",,,sep-17,,,,
04-sep-17,"2,120","2,096",,,sep-17,,,,
05-sep-17,"2,107","2,082",,,sep-17,,,,
06-sep-17,"2,092","2,070",,,sep-17,,,,
07-sep-17,"2,097","2,075",,,sep-17,,,,
08-sep-17,"2,096","2,072",,,sep-17,,,,
11-sep-17,"2,129","2,101",,,sep-17,,,,
12-sep-17,"2,118","2,083",,,sep-17,,,,
13-sep-17,"2,118","2,083",,,sep-17,,,,
14-sep-17,"2,091","2,065",,,sep-17,,,,
15-sep-17,"2,100","2,068",,,sep-17,,,,
18-sep-17,"2,096","2,067",,,sep-17,,,,
19-sep-17,"2,132","2,108",,,sep-17,,,,
20-sep-17,"2,191","2,164",,,sep-17,,,,
21-sep-17,"2,174","2,154",,,sep-17,,,,
22-sep-17,"2,160","2,137",,,sep-17,,,,
25-sep-17,"2,148","2,128",,,sep-17,,,,
26-sep-17,"2,138","2,116",,,sep-17,,,,
27-sep-17,"2,140","2,117",,,sep-17,,,,
28-sep-17,"2,128","2,103",,,sep-17,,,,
29-sep-17,"2,133","2,111",,,sep-17,,,,
02-oct-17,"2,090","2,067",,,oct-17,,,,
03-oct-17,"2,127","2,115",,,oct-17,,,,
04-oct-17,"2,155","2,140",,,oct-17,,,,
05-oct-17,"2,147","2,124",,,oct-17,,,,
06-oct-17,"2,146","2,122",,,oct-17,,,,
09-oct-17,"2,157","2,135",,,oct-17,,,,
10-oct-17,"2,161","2,133",,,oct-17,,,,
11-oct-17,"2,147","2,124",,,oct-17,,,,
12-oct-17,"2,143","2,118",,,oct-17,,,,
13-oct-17,"2,161","2,140",,,oct-17,,,,
16-oct-17,"2,160","2,144",,,oct-17,,,,
17-oct-17,"2,136","2,111",,,oct-17,,,,
18-oct-17,"2,126","2,107",,,oct-17,,,,
19-oct-17,"2,139","2,129",,,oct-17,,,,
20-oct-17,"2,166","2,159",,,oct-17,,,,
23-oct-17,"2,145","2,134",,,oct-17,,,,
24-oct-17,"2,156","2,144",,,oct-17,,,,
25-oct-17,"2,159","2,150",,,oct-17,,,,
26-oct-17,"2,188","2,175",,,oct-17,,,,
27-oct-17,"2,142","2,119",,,oct-17,,,,
30-oct-17,"2,161","2,143",,,oct-17,,,,
31-oct-17,"2,157","2,140",,,oct-17,,,,
01-nov-17,"2,197","2,188",,,nov-17,,,,
02-nov-17,"2,167","2,152",,,nov-17,,,,
03-nov-17,"2,184","2,165",,,nov-17,,,,
06-nov-17,"2,173","2,152",,,nov-17,,,,
07-nov-17,"2,151","2,131",,,nov-17,,,,
08-nov-17,"2,120","2,104",,,nov-17,,,,
09-nov-17,"2,092","2,078",,,nov-17,,,,
10-nov-17,"2,104","2,090",,,nov-17,,,,
13-nov-17,"2,114","2,100",,,nov-17,,,,
14-nov-17,"2,106","2,085",,,nov-17,,,,
15-nov-17,"2,097","2,082",,,nov-17,,,,
16-nov-17,"2,124","2,106",,,nov-17,,,,
17-nov-17,"2,096","2,077",,,nov-17,,,,
20-nov-17,"2,082","2,068",,,nov-17,,,,
21-nov-17,"2,080","2,062",,,nov-17,,,,
22-nov-17,"2,103","2,085",,,nov-17,,,,
23-nov-17,"2,104","2,090",,,nov-17,,,,
24-nov-17,"2,120","2,104",,,nov-17,,,,
27-nov-17,"2,124","2,110",,,nov-17,,,,
28-nov-17,"2,114","2,100",,,nov-17,,,,
29-nov-17,"2,076","2,062",,,nov-17,,,,
30-nov-17,"2,052","2,033",,,nov-17,,,,
01-dic-17,"2,062","2,047",,,dic-17,,,,
04-dic-17,"2,071","2,053",,,dic-17,,,,
05-dic-17,"2,068","2,052",,,dic-17,,,,
06-dic-17,"2,043","2,029",,,dic-17,,,,
07-dic-17,"2,012","1,994",,,dic-17,,,,
08-dic-17,"2,012","1,992",,,dic-17,,,,
11-dic-17,"2,006","1,992",,,dic-17,,,,
12-dic-17,"2,027","2,004",,,dic-17,,,,
13-dic-17,"2,016","1,997",,,dic-17,,,,
14-dic-17,"2,034","2,017",,,dic-17,,,,
15-dic-17,"2,051","2,036",,,dic-17,,,,
18-dic-17,"2,068","2,048",,,dic-17,,,,
19-dic-17,"2,082","2,061",,,dic-17,,,,
20-dic-17,"2,114","2,092",,,dic-17,,,,
21-dic-17,"2,126","2,109",,,dic-17,,,,
22-dic-17,"2,154","2,137",,,dic-17,,,,
27-dic-17,"2,209","2,200",,,dic-17,,,,
28-dic-17,"2,257","2,246",,,dic-17,,,,
03-ene-18,"2,252","2,241",,,ene-18,,,,
04-ene-18,"2,268","2,256",,,ene-18,,,,
05-ene-18,"2,225","2,206",,,ene-18,,,,
08-ene-18,"2,194","2,178",,,ene-18,,,,
09-ene-18,"2,162","2,144",,,ene-18,,,,
10-ene-18,"2,173","2,159",,,ene-18,,,,
11-ene-18,"2,191","2,179",,,ene-18,,,,
12-ene-18,"2,223","2,215",,,ene-18,,,,
15-ene-18,"2,232","2,228",,,ene-18,,,,
16-ene-18,"2,182","2,172",,,ene-18,,,,
17-ene-18,"2,194","2,187",,,ene-18,,,,
18-ene-18,"2,219","2,225",,,ene-18,,,,
19-ene-18,"2,254","2,256",,,ene-18,,,,
22-ene-18,"2,239","2,235",,,ene-18,,,,
23-ene-18,"2,218","2,214",,,ene-18,,,,
24-ene-18,"2,221","2,216",,,ene-18,,,,
25-ene-18,"2,241","2,238",,,ene-18,,,,
26-ene-18,"2,241","2,238",,,ene-18,,,,
29-ene-18,"2,258","2,252",,,ene-18,,,,
30-ene-18,"2,226","2,229",,,ene-18,,,,
31-ene-18,"2,222","2,225",,,ene-18,,,,
01-feb-18,"2,216","2,218",,,feb-18,,,,
02-feb-18,"2,227","2,228",,,feb-18,,,,
05-feb-18,"2,203","2,202",,,feb-18,,,,
06-feb-18,"2,195","2,196",,,feb-18,,,,
07-feb-18,"2,179","2,182",,,feb-18,,,,
08-feb-18,"2,163","2,168",,,feb-18,,,,
09-feb-18,"2,144","2,142",,,feb-18,,,,
12-feb-18,"2,130","2,130",,,feb-18,,,,
13-feb-18,"2,134","2,124",,,feb-18,,,,
14-feb-18,"2,141","2,138",,,feb-18,,,,
15-feb-18,"2,165","2,164",,,feb-18,,,,
16-feb-18,"2,181","2,190",,,feb-18,,,,
19-feb-18,"2,225","2,266",,,feb-18,,,,
20-feb-18,"2,206","2,239",,,feb-18,,,,
21-feb-18,"2,176","2,190",,,feb-18,,,,
22-feb-18,"2,182","2,194",,,feb-18,,,,
23-feb-18,"2,166","2,210",,,feb-18,,,,
26-feb-18,"2,161","2,189",,,feb-18,,,,
27-feb-18,"2,147","2,173",,,feb-18,,,,
28-feb-18,"2,138","2,159",,,feb-18,,,,
01-mar-18,"2,138","2,143",,,mar-18,,,,
02-mar-18,"2,152","2,144",,,mar-18,,,,
05-mar-18,"2,141","2,135",,,mar-18,,,,
06-mar-18,"2,155","2,136",,,mar-18,,,,
07-mar-18,"2,132","2,113",,,mar-18,,,,
08-mar-18,"2,104","2,083",,,mar-18,,,,
09-mar-18,"2,099","2,079",,,mar-18,,,,
12-mar-18,"2,118","2,097",,,mar-18,,,,
13-mar-18,"2,101","2,080",,,mar-18,,,,
14-mar-18,"2,117","2,096",,,mar-18,,,,
15-mar-18,"2,086","2,063",,,mar-18,,,,
16-mar-18,"2,089","2,069",,,mar-18,,,,
19-mar-18,"2,092","2,071",,,mar-18,,,,
20-mar-18,"2,094","2,073",,,mar-18,,,,
21-mar-18,"2,079","2,057",,,mar-18,,,,
22-mar-18,"2,079","2,059",,,mar-18,,,,
23-mar-18,"2,072","2,049",,,mar-18,,,,
26-mar-18,"2,048","2,022",,,mar-18,,,,
27-mar-18,"2,056","2,035",,,mar-18,,,,
28-mar-18,"2,029","2,009",,,mar-18,,,,
29-mar-18,"2,014","1,997",,,mar-18,,,,
03-abr-18,"2,027","2,010",,,abr-18,,,,
04-abr-18,"1,990","1,972",,,abr-18,,,,
05-abr-18,"1,990","1,969",,,abr-18,,,,
06-abr-18,"1,988","1,967",,,abr-18,,,,
09-abr-18,"2,122","2,113",,,abr-18,,,,
10-abr-18,"2,175","2,172",,,abr-18,,,,
11-abr-18,"2,245","2,253",,,abr-18,,,,
12-abr-18,"2,212","2,221",,,abr-18,,,,
13-abr-18,"2,304","2,325",,,abr-18,,,,
16-abr-18,"2,349","2,359",,,abr-18,,,,
17-abr-18,"2,372","2,376",,,abr-18,,,,
18-abr-18,"2,523","2,529",,,abr-18,,,,
19-abr-18,"2,587","2,603",,,abr-18,,,,
20-abr-18,"2,450","2,463",,,abr-18,,,,
23-abr-18,"2,439","2,452",,,abr-18,,,,
24-abr-18,"2,223","2,222",,,abr-18,,,,
25-abr-18,"2,239","2,248",,,abr-18,,,,
26-abr-18,"2,206","2,204",,,abr-18,,,,
27-abr-18,"2,248","2,249",,,abr-18,,,,
30-abr-18,"2,226","2,224",,,abr-18,,,,
01-may-18,"2,238","2,258",,,may-18,,,,
02-may-18,"2,270","2,269",,,may-18,,,,
03-may-18,"2,342","2,349",,,may-18,,,,
04-may-18,"2,307","2,316",,,may-18,,,,
08-may-18,"2,363","2,384",,,may-18,,,,
09-may-18,"2,281","2,295",,,may-18,,,,
10-may-18,"2,326","2,327",,,may-18,,,,
11-may-18,"2,275","2,274",,,may-18,,,,
14-may-18,"2,296","2,286",,,may-18,,,,
15-may-18,"2,311","2,313",,,may-18,,,,
16-may-18,"2,313","2,320",,,may-18,,,,
17-may-18,"2,261","2,280",,,may-18,,,,
18-may-18,"2,294","2,297",,,may-18,,,,
21-may-18,"2,280","2,279",,,may-18,,,,
22-may-18,"2,274","2,266",,,may-18,,,,
23-may-18,"2,241","2,227",,,may-18,,,,
24-may-18,"2,271","2,271",,,may-18,,,,
25-may-18,"2,285","2,282",,,may-18,,,,
29-may-18,"2,263","2,260",,,may-18,,,,
30-may-18,"2,273","2,266",,,may-18,,,,
31-may-18,"2,286","2,286",,,may-18,,,,
01-jun-18,"2,271","2,271",,,jun-18,,,,
04-jun-18,"2,321","2,325",,,jun-18,,,,
05-jun-18,"2,316","2,315",,,jun-18,,,,
06-jun-18,"2,323","2,318",,,jun-18,,,,
07-jun-18,"2,337","2,331",,,jun-18,,,,
08-jun-18,"2,300","2,288",,,jun-18,,,,
11-jun-18,"2,297","2,300",,,jun-18,,,,
12-jun-18,"2,311","2,309",,,jun-18,,,,
13-jun-18,"2,276","2,278",,,jun-18,,,,
14-jun-18,"2,267","2,278",,,jun-18,,,,
15-jun-18,"2,233","2,240",,,jun-18,,,,
18-jun-18,"2,216","2,221",,,jun-18,,,,
19-jun-18,"2,179","2,179",,,jun-18,,,,
20-jun-18,"2,177","2,179",,,jun-18,,,,
21-jun-18,"2,166","2,167",,,jun-18,,,,
22-jun-18,"2,172","2,166",,,jun-18,,,,
25-jun-18,"2,167","2,172",,,jun-18,,,,
26-jun-18,"2,143","2,152",,,jun-18,,,,
27-jun-18,"2,198","2,205",,,jun-18,,,,
28-jun-18,"2,155","2,173",,,jun-18,,,,
29-jun-18,"2,160","2,183",,,jun-18,,,,
02-jul-18,"2,130","2,153",,,jul-18,,,,
03-jul-18,"2,133","2,165",,,jul-18,,,,
04-jul-18,"2,100","2,121",,,jul-18,,,,
05-jul-18,"2,101","2,127",,,jul-18,,,,
06-jul-18,"2,072","2,099",,,jul-18,,,,
09-jul-18,"2,106","2,136",,,jul-18,,,,
10-jul-18,"2,110","2,141",,,jul-18,,,,
11-jul-18,"2,079","2,121",,,jul-18,,,,
12-jul-18,"2,057","2,105",,,jul-18,,,,
13-jul-18,"2,052","2,102",,,jul-18,,,,
16-jul-18,"2,062","2,130",,,jul-18,,,,
17-jul-18,"2,065","2,110",,,jul-18,,,,
18-jul-18,"2,025","2,040",,,jul-18,,,,
19-jul-18,"2,025","2,062",,,jul-18,,,,
20-jul-18,"2,031","2,075",,,jul-18,,,,
23-jul-18,"2,077","2,130",,,jul-18,,,,
24-jul-18,"2,097","2,082",,,jul-18,,,,
25-jul-18,"2,074","2,057",,,jul-18,,,,
26-jul-18,"2,066","2,054",,,jul-18,,,,
27-jul-18,"2,069","2,055",,,jul-18,,,,
30-jul-18,"2,074","2,054",,,jul-18,,,,
31-jul-18,"2,076","2,061",,,jul-18,,,,
01-ago-18,"2,058","2,036",,,ago-18,,,,
02-ago-18,"2,047","2,023",,,ago-18,,,,
03-ago-18,"2,041","2,016",,,ago-18,,,,
06-ago-18,"2,028","2,001",,,ago-18,,,,
07-ago-18,"2,053","2,027",,,ago-18,,,,
08-ago-18,"2,045","2,022",,,ago-18,,,,
09-ago-18,"2,138","2,118",,,ago-18,,,,
10-ago-18,"2,061","2,039",,,ago-18,,,,
13-ago-18,"2,077","2,052",,,ago-18,,,,
14-ago-18,"2,064","2,038",,,ago-18,,,,
15-ago-18,"2,023","1,995",,,ago-18,,,,
16-ago-18,"2,024","1,998",,,ago-18,,,,
17-ago-18,"2,026","1,999",,,ago-18,,,,
20-ago-18,"2,066","2,033",,,ago-18,,,,
21-ago-18,"2,065","2,041",,,ago-18,,,,
22-ago-18,"2,064","2,039",,,ago-18,,,,
23-ago-18,"2,044","2,022",,,ago-18,,,,
24-ago-18,"2,086","2,062",,,ago-18,,,,
28-ago-18,"2,115","2,088",,,ago-18,,,,
29-ago-18,"2,142","2,116",,,ago-18,,,,
30-ago-18,"2,149","2,127",,,ago-18,,,,
31-ago-18,"2,139","2,112",,,ago-18,,,,
03-sep-18,"2,110","2,084",,,sep-18,,,,
04-sep-18,"2,070","2,040",,,sep-18,,,,
05-sep-18,"2,077","2,046",,,sep-18,,,,
06-sep-18,"2,063","2,031",,,sep-18,,,,
07-sep-18,"2,066","2,030",,,sep-18,,,,
10-sep-18,"2,037","2,000",,,sep-18,,,,
11-sep-18,"2,074","2,035",,,sep-18,,,,
12-sep-18,"2,023","1,982",,,sep-18,,,,
13-sep-18,"2,051","2,015",,,sep-18,,,,
14-sep-18,"2,054","2,016",,,sep-18,,,,
17-sep-18,"2,018","1,985",,,sep-18,,,,
18-sep-18,"2,041","2,012",,,sep-18,,,,
19-sep-18,"2,020","1,981",,,sep-18,,,,
20-sep-18,"2,048","2,019",,,sep-18,,,,
21-sep-18,"2,067","2,034",,,sep-18,,,,
24-sep-18,"2,066","2,035",,,sep-18,,,,
25-sep-18,"2,055","2,020",,,sep-18,,,,
26-sep-18,"2,081","2,057",,,sep-18,,,,
27-sep-18,"2,052","2,030",,,sep-18,,,,
28-sep-18,"2,034","2,012",,,sep-18,,,,
01-oct-18,"2,064","2,048",,,oct-18,,,,
02-oct-18,"2,093","2,080",,,oct-18,,,,
03-oct-18,"2,176","2,167",,,oct-18,,,,
04-oct-18,"2,251","2,244",,,oct-18,,,,
05-oct-18,"2,151","2,140",,,oct-18,,,,
08-oct-18,"2,079","2,074",,,oct-18,,,,
09-oct-18,"2,041","2,032",,,oct-18,,,,
10-oct-18,"2,038","2,029",,,oct-18,,,,
11-oct-18,"2,029","2,024",,,oct-18,,,,
12-oct-18,"2,048","2,045",,,oct-18,,,,
15-oct-18,"2,031","2,028",,,oct-18,,,,
16-oct-18,"2,024","2,022",,,oct-18,,,,
17-oct-18,"2,024","2,018",,,oct-18,,,,
18-oct-18,"2,013","2,008",,,oct-18,,,,
19-oct-18,"2,024","2,023",,,oct-18,,,,
22-oct-18,"2,013","2,003",,,oct-18,,,,
23-oct-18,"2,016","1,997",,,oct-18,,,,
24-oct-18,"2,005","1,988",,,oct-18,,,,
25-oct-18,"1,999","1,981",,,oct-18,,,,
26-oct-18,"1,978","1,961",,,oct-18,,,,
29-oct-18,"2,001","1,981",,,oct-18,,,,
30-oct-18,"1,973","1,952",,,oct-18,,,,
31-oct-18,"1,967","1,946",,,oct-18,,,,
01-nov-18,"1,978","1,961",,,nov-18,,,,
02-nov-18,"1,985","1,967",,,nov-18,,,,
05-nov-18,"1,971","1,959",,,nov-18,,,,
06-nov-18,"1,969","1,950",,,nov-18,,,,
07-nov-18,"1,963","1,952",,,nov-18,,,,
08-nov-18,"1,982","1,977",,,nov-18,,,,
09-nov-18,"1,972","1,965",,,nov-18,,,,
12-nov-18,"1,943","1,934",,,nov-18,,,,
13-nov-18,"1,938","1,925",,,nov-18,,,,
14-nov-18,"1,945","1,931",,,nov-18,,,,
15-nov-18,"1,941","1,917",,,nov-18,,,,
16-nov-18,"1,932","1,914",,,nov-18,,,,
19-nov-18,"1,941","1,918",,,nov-18,,,,
20-nov-18,"1,941","1,927",,,nov-18,,,,
21-nov-18,"1,954","1,945",,,nov-18,,,,
22-nov-18,"1,954","1,942",,,nov-18,,,,
23-nov-18,"1,935","1,923",,,nov-18,,,,
26-nov-18,"1,930","1,920",,,nov-18,,,,
27-nov-18,"1,936","1,925",,,nov-18,,,,
28-nov-18,"1,924","1,913",,,nov-18,,,,
29-nov-18,"1,933","1,933",,,nov-18,,,,
30-nov-18,"1,939","1,935",,,nov-18,,,,
03-dic-18,"1,980","1,983",,,dic-18,,,,
04-dic-18,"1,981","1,985",,,dic-18,,,,
05-dic-18,"1,971","1,967",,,dic-18,,,,
06-dic-18,"1,942","1,945",,,dic-18,,,,
07-dic-18,"1,959","1,962",,,dic-18,,,,
10-dic-18,"1,951","1,951",,,dic-18,,,,
11-dic-18,"1,958","1,950",,,dic-18,,,,
12-dic-18,"1,937","1,928",,,dic-18,,,,
13-dic-18,"1,932","1,924",,,dic-18,,,,
14-dic-18,"1,921","1,908",,,dic-18,,,,
17-dic-18,"1,925","1,938",,,dic-18,,,,
18-dic-18,"1,942","1,940",,,dic-18,,,,
19-dic-18,"1,929","1,928",,,dic-18,,,,
20-dic-18,"1,924","1,924",,,dic-18,,,,
21-dic-18,"1,912","1,920",,,dic-18,,,,
24-dic-18,"1,899","1,899",,,dic-18,,,,
27-dic-18,"1,882","1,898",,,dic-18,,,,
28-dic-18,"1,857","1,881",,,dic-18,,,,
31-dic-18,"1,846","1,870",,,dic-18,,,,
02-ene-19,"1,847","1,858",,,ene-19,,,,
03-ene-19,"1,821","1,826",,,ene-19,,,,
04-ene-19,"1,862","1,879",,,ene-19,,,,
07-ene-19,"1,874","1,858",,,ene-19,,,,
08-ene-19,"1,859","1,837",,,ene-19,,,,
09-ene-19,"1,863","1,842",,,ene-19,,,,
10-ene-19,"1,857","1,844",,,ene-19,,,,
11-ene-19,"1,841","1,816",,,ene-19,,,,
14-ene-19,"1,814","1,776",,,ene-19,,,,
15-ene-19,"1,837","1,811",,,ene-19,,,,
16-ene-19,"1,867","1,840",,,ene-19,,,,
17-ene-19,"1,828","1,804",,,ene-19,,,,
18-ene-19,"1,858","1,851",,,ene-19,,,,
21-ene-19,"1,856","1,843",,,ene-19,,,,
22-ene-19,"1,868","1,868",,,ene-19,,,,
23-ene-19,"1,892","1,878",,,ene-19,,,,
24-ene-19,"1,871","1,851",,,ene-19,,,,
25-ene-19,"1,887","1,867",,,ene-19,,,,
28-ene-19,"1,885","1,860",,,ene-19,,,,
29-ene-19,"1,875","1,853",,,ene-19,,,,
30-ene-19,"1,890","1,871",,,ene-19,,,,
31-ene-19,"1,904","1,881",,,ene-19,,,,
01-feb-19,"1,893","1,873",,,feb-19,,,,
04-feb-19,"1,869","1,840",,,feb-19,,,,
05-feb-19,"1,923","1,897",,,feb-19,,,,
06-feb-19,"1,913","1,887",,,feb-19,,,,
07-feb-19,"1,891","1,863",,,feb-19,,,,
08-feb-19,"1,889","1,865",,,feb-19,,,,
11-feb-19,"1,870","1,848",,,feb-19,,,,
12-feb-19,"1,866","1,841",,,feb-19,,,,
13-feb-19,"1,865","1,840",,,feb-19,,,,
14-feb-19,"1,851","1,829",,,feb-19,,,,
15-feb-19,"1,863","1,829",,,feb-19,,,,
18-feb-19,"1,854","1,823",,,feb-19,,,,
19-feb-19,"1,862","1,834",,,feb-19,,,,
20-feb-19,"1,856","1,830",,,feb-19,,,,
21-feb-19,"1,877","1,859",,,feb-19,,,,
22-feb-19,"1,912","1,891",,,feb-19,,,,
25-feb-19,"1,912","1,886",,,feb-19,,,,
26-feb-19,"1,899","1,870",,,feb-19,,,,
27-feb-19,"1,922","1,899",,,feb-19,,,,
28-feb-19,"1,916","1,893",,,feb-19,,,,
01-mar-19,"1,911","1,891",,,mar-19,,,,
04-mar-19,"1,879","1,860",,,mar-19,,,,
05-mar-19,"1,890","1,869",,,mar-19,,,,
06-mar-19,"1,869","1,846",,,mar-19,,,,
07-mar-19,"1,864","1,841",,,mar-19,,,,
08-mar-19,"1,872","1,848",,,mar-19,,,,
11-mar-19,"1,858","1,830",,,mar-19,,,,
12-mar-19,"1,878","1,851",,,mar-19,,,,
13-mar-19,"1,897","1,873",,,mar-19,,,,
14-mar-19,"1,898","1,874",,,mar-19,,,,
15-mar-19,"1,892","1,868",,,mar-19,,,,
18-mar-19,"1,899","1,879",,,mar-19,,,,
19-mar-19,"1,935","1,908",,,mar-19,,,,
20-mar-19,"1,945","1,923",,,mar-19,,,,
21-mar-19,"1,920","1,891",,,mar-19,,,,
22-mar-19,"1,894","1,867",,,mar-19,,,,
25-mar-19,"1,887","1,856",,,mar-19,,,,
26-mar-19,"1,876","1,850",,,mar-19,,,,
27-mar-19,"1,915","1,899",,,mar-19,,,,
28-mar-19,"1,912","1,897",,,mar-19,,,,
29-mar-19,"1,914","1,900",,,mar-19,,,,
01-abr-19,"1,913","1,858",,,abr-19,,,,
02-abr-19,"1,884","1,858",,,abr-19,,,,
03-abr-19,"1,894","1,865",,,abr-19,,,,
04-abr-19,"1,893","1,872",,,abr-19,,,,
05-abr-19,"1,887","1,864",,,abr-19,,,,
08-abr-19,"1,883","1,859",,,abr-19,,,,
09-abr-19,"1,877","1,851",,,abr-19,,,,
10-abr-19,"1,876","1,852",,,abr-19,,,,
11-abr-19,"1,864","1,848",,,abr-19,,,,
12-abr-19,"1,865","1,844",,,abr-19,,,,
15-abr-19,"1,860","1,844",,,abr-19,,,,
16-abr-19,"1,856","1,839",,,abr-19,,,,
17-abr-19,"1,858","1,841",,,abr-19,,,,
18-abr-19,"1,855","1,839",,,abr-19,,,,
23-abr-19,"1,871","1,855",,,abr-19,,,,
24-abr-19,"1,872","1,854",,,abr-19,,,,
25-abr-19,"1,862","1,852",,,abr-19,,,,
26-abr-19,"1,849","1,832",,,abr-19,,,,
29-abr-19,"1,832","1,816",,,abr-19,,,,
30-abr-19,"1,818","1,809",,,abr-19,,,,
01-may-19,"1,789","1,776",,,may-19,,,,
02-may-19,"1,818","1,801",,,may-19,,,,
03-may-19,"1,811","1,784",,,may-19,,,,
07-may-19,"1,799","1,767",,,may-19,,,,
08-may-19,"1,800","1,761",,,may-19,,,,
09-may-19,"1,799","1,767",,,may-19,,,,
10-may-19,"1,801","1,765",,,may-19,,,,
13-may-19,"1,801","1,766",,,may-19,,,,
14-may-19,"1,823","1,792",,,may-19,,,,
15-may-19,"1,832","1,802",,,may-19,,,,
16-may-19,"1,862","1,832",,,may-19,,,,
17-may-19,"1,835","1,805",,,may-19,,,,
20-may-19,"1,820","1,786",,,may-19,,,,
21-may-19,"1,805","1,766",,,may-19,,,,
22-may-19,"1,782","1,747",,,may-19,,,,
23-may-19,"1,771","1,740",,,may-19,,,,
24-may-19,"1,795","1,762",,,may-19,,,,
28-may-19,"1,804","1,773",,,may-19,,,,
29-may-19,"1,797","1,770",,,may-19,,,,
30-may-19,"1,787","1,762",,,may-19,,,,
31-may-19,"1,789","1,761",,,may-19,,,,
03-jun-19,"1,789","1,764",,,jun-19,,,,
04-jun-19,"1,776","1,752",,,jun-19,,,,
05-jun-19,"1,794","1,766",,,jun-19,,,,
06-jun-19,"1,774","1,743",,,jun-19,,,,
07-jun-19,"1,766","1,733",,,jun-19,,,,
10-jun-19,"1,753","1,721",,,jun-19,,,,
11-jun-19,"1,784","1,755",,,jun-19,,,,
12-jun-19,"1,786","1,754",,,jun-19,,,,
13-jun-19,"1,788","1,756",,,jun-19,,,,
14-jun-19,"1,771","1,738",,,jun-19,,,,
17-jun-19,"1,755","1,720",,,jun-19,,,,
18-jun-19,"1,763","1,733",,,jun-19,,,,
19-jun-19,"1,777","1,747",,,jun-19,,,,
20-jun-19,"1,803","1,778",,,jun-19,,,,
21-jun-19,"1,768","1,744",,,jun-19,,,,
24-jun-19,"1,773","1,748",,,jun-19,,,,
25-jun-19,"1,801","1,777",,,jun-19,,,,
26-jun-19,"1,825","1,803",,,jun-19,,,,
27-jun-19,"1,804","1,782",,,jun-19,,,,
28-jun-19,"1,794","1,774",,,jun-19,,,,
01-jul-19,"1,804","1,778",,,jul-19,,,,
02-jul-19,"1,780","1,756",,,jul-19,,,,
03-jul-19,"1,779","1,755",,,jul-19,,,,
04-jul-19,"1,795","1,772",,,jul-19,,,,
05-jul-19,"1,802","1,780",,,jul-19,,,,
08-jul-19,"1,800","1,783",,,jul-19,,,,
09-jul-19,"1,803","1,783",,,jul-19,,,,
10-jul-19,"1,832","1,812",,,jul-19,,,,
11-jul-19,"1,828","1,807",,,jul-19,,,,
12-jul-19,"1,820","1,800",,,jul-19,,,,
15-jul-19,"1,830","1,810",,,jul-19,,,,
16-jul-19,"1,837","1,818",,,jul-19,,,,
17-jul-19,"1,839","1,819",,,jul-19,,,,
18-jul-19,"1,846","1,828",,,jul-19,,,,
19-jul-19,"1,856","1,833",,,jul-19,,,,
22-jul-19,"1,836","1,808",,,jul-19,,,,
23-jul-19,"1,821","1,795",,,jul-19,,,,
24-jul-19,"1,827","1,796",,,jul-19,,,,
25-jul-19,"1,825","1,796",,,jul-19,,,,
26-jul-19,"1,805","1,778",,,jul-19,,,,
29-jul-19,"1,799","1,775",,,jul-19,,,,
30-jul-19,"1,807","1,782",,,jul-19,,,,
31-jul-19,"1,807","1,777",,,jul-19,,,,
,,,,,,,,,
,"1,782","1,754",,,,,,,
,"1,816","1,793",,,,,,,
